{"_type":"export","__export_format":4,"__export_date":"2024-07-19T19:09:51.196Z","__export_source":"insomnia.desktop.app:v2023.5.8","resources":[{"_id":"req_c014b38301074e00b75351608df45404","parentId":"fld_8f0d7b2611ba46febbc6686030288811","modified":1721410676640,"created":1721005435225,"url":"{{ _.host }}/tasks","name":"Read","description":"","method":"GET","body":{},"parameters":[],"headers":[{"name":"User-Agent","value":"insomnia/9.3.2"}],"authentication":{},"metaSortKey":-1721156524796,"isPrivate":false,"settingStoreCookies":true,"settingSendCookies":true,"settingDisableRenderRequestBody":false,"settingEncodeUrl":true,"settingRebuildPath":true,"settingFollowRedirects":"global","_type":"request"},{"_id":"fld_8f0d7b2611ba46febbc6686030288811","parentId":"wrk_80d6068fc650441d9cba72d74047148f","modified":1721156513914,"created":1721156513914,"name":"API - Gerenciamento de Tarefas","description":"","environment":{},"environmentPropertyOrder":null,"metaSortKey":-1721156513914,"_type":"request_group"},{"_id":"wrk_80d6068fc650441d9cba72d74047148f","parentId":null,"modified":1721234687086,"created":1721234687086,"name":"Desafio Gerenciador de Tarefas","description":"","scope":"collection","_type":"workspace"},{"_id":"req_b1cb6d26ab124126855794d2acc7d1bb","parentId":"fld_8f0d7b2611ba46febbc6686030288811","modified":1721415724983,"created":1721410693464,"url":"{{ _.host }}/tasks?completed=false","name":"Read - Filter - Completed","description":"","method":"GET","body":{},"parameters":[],"headers":[{"name":"User-Agent","value":"insomnia/2023.5.8"}],"authentication":{},"metaSortKey":-1721156524746,"isPrivate":false,"settingStoreCookies":true,"settingSendCookies":true,"settingDisableRenderRequestBody":false,"settingEncodeUrl":true,"settingRebuildPath":true,"settingFollowRedirects":"global","_type":"request"},{"_id":"req_5b6e22bb978c428e9d063912590e0b67","parentId":"fld_8f0d7b2611ba46febbc6686030288811","modified":1721415854170,"created":1721415732128,"url":"{{ _.host }}/tasks?id_start=1&id_end=4","name":"Read - Filter - ID","description":"","method":"GET","body":{},"parameters":[],"headers":[{"name":"User-Agent","value":"insomnia/2023.5.8"}],"authentication":{},"metaSortKey":-1721156524721,"isPrivate":false,"settingStoreCookies":true,"settingSendCookies":true,"settingDisableRenderRequestBody":false,"settingEncodeUrl":true,"settingRebuildPath":true,"settingFollowRedirects":"global","_type":"request"},{"_id":"req_695222f6d8f7401cb237d09d84b3e106","parentId":"fld_8f0d7b2611ba46febbc6686030288811","modified":1721416116961,"created":1721415862958,"url":"{{ _.host }}/tasks?created_at=2024-07-19","name":"Read - Filter - Single Created_at","description":"","method":"GET","body":{},"parameters":[],"headers":[{"name":"User-Agent","value":"insomnia/2023.5.8"}],"authentication":{},"metaSortKey":-1721156524708.5,"isPrivate":false,"settingStoreCookies":true,"settingSendCookies":true,"settingDisableRenderRequestBody":false,"settingEncodeUrl":true,"settingRebuildPath":true,"settingFollowRedirects":"global","_type":"request"},{"_id":"req_975ba92340164f188eede32d97ea2dce","parentId":"fld_8f0d7b2611ba46febbc6686030288811","modified":1721416140113,"created":1721416124975,"url":"{{ _.host }}/tasks?created_at_start=2024-07-19&created_at_end=2024-07-20","name":"Read - Filter - Multiple Created_at","description":"","method":"GET","body":{},"parameters":[],"headers":[{"name":"User-Agent","value":"insomnia/2023.5.8"}],"authentication":{},"metaSortKey":-1721156524702.25,"isPrivate":false,"settingStoreCookies":true,"settingSendCookies":true,"settingDisableRenderRequestBody":false,"settingEncodeUrl":true,"settingRebuildPath":true,"settingFollowRedirects":"global","_type":"request"},{"_id":"req_cd3636d8be174171a684900b038215c9","parentId":"fld_8f0d7b2611ba46febbc6686030288811","modified":1721412621678,"created":1721136175216,"url":"{{ _.host }}/tasks","name":"Create","description":"","method":"POST","body":{"mimeType":"application/json","text":"{\n\t\"title\": \"Título 2\",\n\t\"description\": \"Descrição 1\",\n\t\"completed\": \"false\"\n}"},"parameters":[],"headers":[{"name":"Content-Type","value":"application/json"},{"name":"User-Agent","value":"insomnia/9.3.2"}],"authentication":{},"metaSortKey":-1721156524696,"isPrivate":false,"settingStoreCookies":true,"settingSendCookies":true,"settingDisableRenderRequestBody":false,"settingEncodeUrl":true,"settingRebuildPath":true,"settingFollowRedirects":"global","_type":"request"},{"_id":"req_48402b69ed8a424a98c4a1c82ae9994e","parentId":"fld_8f0d7b2611ba46febbc6686030288811","modified":1721180471974,"created":1721155272212,"url":"{{ _.host }}/tasks","name":"Update","description":"","method":"PUT","body":{"mimeType":"application/json","text":"{\n\t\"id\": 1,\n\t\"title\": \"Título 1\",\n\t\"description\": \"Descrição 1\",\n\t\"completed\": \"true\"\n}"},"parameters":[],"headers":[{"name":"Content-Type","value":"application/json"},{"name":"User-Agent","value":"insomnia/9.3.2"}],"authentication":{},"metaSortKey":-1721156524596,"isPrivate":false,"settingStoreCookies":true,"settingSendCookies":true,"settingDisableRenderRequestBody":false,"settingEncodeUrl":true,"settingRebuildPath":true,"settingFollowRedirects":"global","_type":"request"},{"_id":"req_aaec278456d94d16aadd831e079c8ba8","parentId":"fld_8f0d7b2611ba46febbc6686030288811","modified":1721180424360,"created":1721156369644,"url":"{{ _.host }}/tasks","name":"Delete","description":"","method":"DELETE","body":{"mimeType":"application/json","text":"{\n\t\"id\": 1\n}"},"parameters":[],"headers":[{"name":"Content-Type","value":"application/json"},{"name":"User-Agent","value":"insomnia/9.3.2"}],"authentication":{},"metaSortKey":-1721156524496,"isPrivate":false,"settingStoreCookies":true,"settingSendCookies":true,"settingDisableRenderRequestBody":false,"settingEncodeUrl":true,"settingRebuildPath":true,"settingFollowRedirects":"global","_type":"request"},{"_id":"env_b8e2661e3fef8228b3282ae5548fe084a58fd0be","parentId":"wrk_80d6068fc650441d9cba72d74047148f","modified":1721234687091,"created":1721234687091,"name":"Base Environment","data":{},"dataPropertyOrder":null,"color":null,"isPrivate":false,"metaSortKey":1721234687091,"_type":"environment"},{"_id":"jar_b8e2661e3fef8228b3282ae5548fe084a58fd0be","parentId":"wrk_80d6068fc650441d9cba72d74047148f","modified":1721234687093,"created":1721234687093,"name":"Default Jar","cookies":[],"_type":"cookie_jar"},{"_id":"env_10aec451f7ad41bd89da5ec2d0ed77cd","parentId":"env_b8e2661e3fef8228b3282ae5548fe084a58fd0be","modified":1721180393677,"created":1721180035282,"name":"host","data":{"host":"http://localhost/api"},"dataPropertyOrder":{"&":["host"]},"color":"#ff0000","isPrivate":false,"metaSortKey":1721180035282,"_type":"environment"}]}